<?xml version="1.0" encoding="UTF-8"?>
<!--
        *** GENERATED FROM jax-ws.xml - DO NOT EDIT !                             ***
        *** TO MODIFY wsimport options USE Web Service node -> Edit WS Attributes ***
        *** TO CHANGE TARGETS GENERATED TO jaxws-build.xml COPY THOSE             ***
        *** TARGETS TO ../build.xml AND MODIFY THAT FILE INSTEAD                  ***

        -->
<project xmlns:xalan="http://xml.apache.org/xslt" xmlns:webproject2="http://www.netbeans.org/ns/web-project/2" xmlns:jaxws="http://www.netbeans.org/ns/jax-ws/1">
    <!--
                ===================
                JAX-WS WSGEN SECTION
                ===================
            -->
    <target name="wsgen-init" depends="init, -do-compile">
        <mkdir dir="${build.generated.sources.dir}/jax-ws/resources/"/>
        <mkdir dir="${build.classes.dir}"/>
        <taskdef name="wsgen" classname="com.sun.tools.ws.ant.WsGen">
            <classpath path="${java.home}/../lib/tools.jar:${build.classes.dir}:${j2ee.platform.wsgen.classpath}:${javac.classpath}"/>
        </taskdef>
    </target>
    <target name="wsgen-AirportManager" depends="wsgen-init">
        <wsgen sourcedestdir="${build.generated.sources.dir}/jax-ws" resourcedestdir="${build.generated.sources.dir}/jax-ws/resources/" destdir="${build.generated.sources.dir}/jax-ws" verbose="true" xendorsed="true" keep="true" genwsdl="true" sei="com.example.jaxws.server.AirportManager">
            <classpath path="${java.home}/../lib/tools.jar:${build.classes.dir}:${j2ee.platform.wsgen.classpath}:${javac.classpath}"/>
        </wsgen>
    </target>
    <target name="wsgen-SecureAirportManager" depends="wsgen-init">
        <wsgen sourcedestdir="${build.generated.sources.dir}/jax-ws" resourcedestdir="${build.generated.sources.dir}/jax-ws/resources/" destdir="${build.generated.sources.dir}/jax-ws" verbose="true" xendorsed="true" keep="true" genwsdl="true" sei="com.example.jaxws.server.SecureAirportManager">
            <classpath path="${java.home}/../lib/tools.jar:${build.classes.dir}:${j2ee.platform.wsgen.classpath}:${javac.classpath}"/>
        </wsgen>
    </target>
    <target name="wsgen-BetterAirportManager" depends="wsgen-init">
        <wsgen sourcedestdir="${build.generated.sources.dir}/jax-ws" resourcedestdir="${build.generated.sources.dir}/jax-ws/resources/" destdir="${build.generated.sources.dir}/jax-ws" verbose="true" xendorsed="true" keep="true" genwsdl="true" sei="com.example.jaxws.ejb.BetterAirportManager">
            <classpath path="${java.home}/../lib/tools.jar:${build.classes.dir}:${j2ee.platform.wsgen.classpath}:${javac.classpath}"/>
        </wsgen>
    </target>
    <target name="wsgen-SingletonAirportManager" depends="wsgen-init">
        <wsgen sourcedestdir="${build.generated.sources.dir}/jax-ws" resourcedestdir="${build.generated.sources.dir}/jax-ws/resources/" destdir="${build.generated.sources.dir}/jax-ws" verbose="true" xendorsed="true" keep="true" genwsdl="true" sei="com.example.jaxws.ejb.SingletonAirportManager">
            <classpath path="${java.home}/../lib/tools.jar:${build.classes.dir}:${j2ee.platform.wsgen.classpath}:${javac.classpath}"/>
        </wsgen>
    </target>
    <target name="wsgen-FlightManager" depends="wsgen-init">
        <wsgen sourcedestdir="${build.generated.sources.dir}/jax-ws" resourcedestdir="${build.generated.sources.dir}/jax-ws/resources/" destdir="${build.generated.sources.dir}/jax-ws" verbose="true" xendorsed="true" keep="true" genwsdl="true" sei="com.example.jaxws.server.FlightManager">
            <classpath path="${java.home}/../lib/tools.jar:${build.classes.dir}:${j2ee.platform.wsgen.classpath}:${javac.classpath}"/>
        </wsgen>
    </target>
    <target name="wsgen-Planner" depends="wsgen-init">
        <wsgen sourcedestdir="${build.generated.sources.dir}/jax-ws" resourcedestdir="${build.generated.sources.dir}/jax-ws/resources/" destdir="${build.generated.sources.dir}/jax-ws" verbose="true" xendorsed="true" keep="true" genwsdl="true" sei="com.example.jaxws.ejb.Planner">
            <classpath path="${java.home}/../lib/tools.jar:${build.classes.dir}:${j2ee.platform.wsgen.classpath}:${javac.classpath}"/>
        </wsgen>
    </target>
    <!--
                ===================
                JAX-WS WSIMPORT SECTION
                ===================
            -->
    <target name="wsimport-init" depends="init">
        <mkdir dir="${build.generated.sources.dir}/jax-ws"/>
        <taskdef name="wsimport" classname="com.sun.tools.ws.ant.WsImport">
            <classpath path="${java.home}/../lib/tools.jar:${j2ee.platform.wsimport.classpath}:${javac.classpath}"/>
        </taskdef>
        <condition property="conf-dir" value="${conf.dir}/" else="">
            <isset property="conf.dir"/>
        </condition>
    </target>
    <target name="wsimport-client-airportManager" depends="wsimport-init">
        <mkdir dir="${build.generated.dir}/jax-wsCache/airportManager"/>
        <wsimport sourcedestdir="${build.generated.dir}/jax-wsCache/airportManager" destdir="${build.generated.dir}/jax-wsCache/airportManager" wsdl="${basedir}/${conf-dir}xml-resources/web-service-references/airportManager/wsdl/localhost_8081/airportManager.wsdl" catalog="catalog.xml" extension="true" verbose="true" wsdlLocation="http://localhost:8081/airportManager?WSDL" xnocompile="true" xendorsed="true" package="com.example.generated">
            <depends file="${basedir}/${conf-dir}xml-resources/web-service-references/airportManager/wsdl/localhost_8081/airportManager.wsdl"/>
            <produces dir="${build.generated.dir}/jax-wsCache/airportManager"/>
        </wsimport>
        <copy todir="${build.generated.sources.dir}/jax-ws">
            <fileset dir="${build.generated.dir}/jax-wsCache/airportManager">
                <include name="**/*.java"/>
            </fileset>
        </copy>
    </target>
    <target name="wsimport-client-clean-airportManager" depends="-init-project">
        <delete dir="${build.generated.sources.dir}/jax-ws/com/example/generated"/>
        <delete dir="${build.generated.dir}/jax-wsCache/airportManager"/>
    </target>
    <target name="wsimport-client-generate" depends="wsimport-client-airportManager"/>
</project>
