<?xml version="1.0" encoding="UTF-8"?><!-- Published by JAX-WS RI at http://jax-ws.dev.java.net. RI's version is JAX-WS RI 2.2-b02-rc1. --><!-- Generated by JAX-WS RI at http://jax-ws.dev.java.net. RI's version is JAX-WS RI 2.2-b02-rc1. --><definitions xmlns:wsu="http://docs.oasis-open.org/wss/2004/01/oasis-200401-wss-wssecurity-utility-1.0.xsd" xmlns:wsp="http://www.w3.org/ns/ws-policy" xmlns:wsp1_2="http://schemas.xmlsoap.org/ws/2004/09/policy" xmlns:wsam="http://www.w3.org/2007/05/addressing/metadata" xmlns:soap="http://schemas.xmlsoap.org/wsdl/soap/" xmlns:tns="http://server.jaxws.example.com/" xmlns:xsd="http://www.w3.org/2001/XMLSchema" xmlns="http://schemas.xmlsoap.org/wsdl/" targetNamespace="http://server.jaxws.example.com/" name="AirportManagerService">
<types>
<xsd:schema>
<xsd:import namespace="http://server.jaxws.example.com/" schemaLocation="stricterAirportManager.xsd"></xsd:import>
</xsd:schema>
</types>
<message name="addAirport">
<part name="parameters" element="tns:addAirport"></part>
</message>
<message name="addAirportResponse">
<part name="parameters" element="tns:addAirportResponse"></part>
</message>
<portType name="AirportManager">
<operation name="addAirport">
<input wsam:Action="http://server.jaxws.example.com/AirportManager/addAirportRequest" message="tns:addAirport"></input>
<output wsam:Action="http://server.jaxws.example.com/AirportManager/addAirportResponse" message="tns:addAirportResponse"></output>
</operation>
</portType>
<binding name="AirportManagerPortBinding" type="tns:AirportManager">
<soap:binding transport="http://schemas.xmlsoap.org/soap/http" style="document"></soap:binding>
<operation name="addAirport">
<soap:operation soapAction=""></soap:operation>
<input>
<soap:body use="literal"></soap:body>
</input>
<output>
<soap:body use="literal"></soap:body>
</output>
</operation>
</binding>
<service name="StricterAirportManagerService">
<port name="AirportManagerPort" binding="tns:AirportManagerPortBinding">
<soap:address location="http://localhost:8080/airportManager"></soap:address>
</port>
</service>
</definitions>
