<?xml version="1.0" encoding="UTF-8"?>
<!DOCTYPE sun-web-app PUBLIC "-//Sun Microsystems, Inc.//DTD Application Server 9.0 Servlet 2.5//EN" "http://www.sun.com/software/appserver/dtds/sun-web-app_2_5-0.dtd">
<sun-web-app error-url="">
  <context-root>/JavaEEJAXRS</context-root>
  <security-role-mapping>
    <role-name>client</role-name>
    <principal-name>tracy</principal-name>
  </security-role-mapping>
  <security-role-mapping>
    <role-name>administrator</role-name>
    <principal-name>kelly</principal-name>
  </security-role-mapping>
  <class-loader delegate="true"/>
  <jsp-config>
    <property name="keepgenerated" value="true">
      <description>Keep a copy of the generated servlet class' java code.</description>
    </property>
  </jsp-config>
</sun-web-app>
