<?xml version="1.0" encoding="UTF-8"?>
<!--
        *** GENERATED FROM jax-ws.xml - DO NOT EDIT !                             ***
        *** TO MODIFY wsimport options USE Web Service node -> Edit WS Attributes ***
        *** TO CHANGE TARGETS GENERATED TO jaxws-build.xml COPY THOSE             ***
        *** TARGETS TO ../build.xml AND MODIFY THAT FILE INSTEAD                  ***

        -->
<project xmlns:xalan="http://xml.apache.org/xslt" xmlns:j2seproject3="http://www.netbeans.org/ns/j2se-project/3" xmlns:jaxws="http://www.netbeans.org/ns/jax-ws/1">
    <!--
                ===================
                JAX-WS WSIMPORT SECTION
                ===================
            -->
    <target name="wsimport-init" depends="init">
        <mkdir dir="${build.generated.sources.dir}/jax-ws"/>
        <taskdef name="wsimport" classname="com.sun.tools.ws.ant.WsImport">
            <classpath path="${libs.jaxws21.classpath}"/>
        </taskdef>
    </target>
    <target name="wsimport-client-airportManager" depends="wsimport-init">
        <mkdir dir="${build.generated.dir}/jax-wsCache/airportManager"/>
        <property name="wsdl-airportManager" location="xml-resources/web-service-references/airportManager/wsdl/localhost_8080/airportManager.wsdl"/>
        <wsimport sourcedestdir="${build.generated.dir}/jax-wsCache/airportManager" destdir="${build.generated.dir}/jax-wsCache/airportManager" wsdl="${wsdl-airportManager}" catalog="catalog.xml" extension="true" verbose="true" wsdlLocation="http://localhost:8080/airportManager?WSDL" xnocompile="true" xendorsed="true" package="clients">
            <depends file="${wsdl-airportManager}"/>
            <produces dir="${build.generated.dir}/jax-wsCache/airportManager"/>
        </wsimport>
        <copy todir="${build.generated.sources.dir}/jax-ws">
            <fileset dir="${build.generated.dir}/jax-wsCache/airportManager">
                <include name="**/*.java"/>
            </fileset>
        </copy>
    </target>
    <target name="wsimport-client-clean-airportManager" depends="-init-project">
        <delete dir="${build.generated.dir}/jax-wsCache/airportManager"/>
        <delete dir="${build.generated.sources.dir}/jax-ws/clients"/>
    </target>
    <target name="wsimport-client-stricterAirportManager" depends="wsimport-init">
        <mkdir dir="${build.generated.dir}/jax-wsCache/stricterAirportManager"/>
        <property name="wsdl-stricterAirportManager" location="xml-resources/web-service-references/stricterAirportManager/wsdl/stricterAirportManager.wsdl"/>
        <wsimport sourcedestdir="${build.generated.dir}/jax-wsCache/stricterAirportManager" destdir="${build.generated.dir}/jax-wsCache/stricterAirportManager" wsdl="${wsdl-stricterAirportManager}" catalog="catalog.xml" extension="true" verbose="true" wsdlLocation="file:/Users/education@oracle.com/projects/JavaEE6%20Web%20Services%20Courses/dws4050/trunk/examples/jaxws/JAXWSClients/src/xml/stricterAirportManager.wsdl" xnocompile="true" xendorsed="true">
            <depends file="${wsdl-stricterAirportManager}"/>
            <produces dir="${build.generated.dir}/jax-wsCache/stricterAirportManager"/>
        </wsimport>
        <copy todir="${build.generated.sources.dir}/jax-ws">
            <fileset dir="${build.generated.dir}/jax-wsCache/stricterAirportManager">
                <include name="**/*.java"/>
            </fileset>
        </copy>
    </target>
    <target name="wsimport-client-clean-stricterAirportManager" depends="-init-project">
        <delete dir="${build.generated.dir}/jax-wsCache/stricterAirportManager"/>
        <delete dir="${build.generated.sources.dir}/jax-ws/com/example/jaxws/server"/>
    </target>
    <target name="wsimport-client-airportManager_1" depends="wsimport-init">
        <mkdir dir="${build.generated.dir}/jax-wsCache/airportManager_1"/>
        <property name="wsdl-airportManager_1" location="xml-resources/web-service-references/airportManager_1/wsdl/localhost_8080/airportManager.wsdl"/>
        <wsimport sourcedestdir="${build.generated.dir}/jax-wsCache/airportManager_1" destdir="${build.generated.dir}/jax-wsCache/airportManager_1" wsdl="${wsdl-airportManager_1}" catalog="catalog.xml" extension="true" verbose="true" wsdlLocation="http://localhost:8080/airportManager?WSDL" xnocompile="true" xendorsed="true" package="clients.async">
            <depends file="${wsdl-airportManager_1}"/>
            <produces dir="${build.generated.dir}/jax-wsCache/airportManager_1"/>
        </wsimport>
        <copy todir="${build.generated.sources.dir}/jax-ws">
            <fileset dir="${build.generated.dir}/jax-wsCache/airportManager_1">
                <include name="**/*.java"/>
            </fileset>
        </copy>
    </target>
    <target name="wsimport-client-clean-airportManager_1" depends="-init-project">
        <delete dir="${build.generated.dir}/jax-wsCache/airportManager_1"/>
        <delete dir="${build.generated.sources.dir}/jax-ws/clients/async"/>
    </target>
    <target name="wsimport-client-asyncStrictAirportManager" depends="wsimport-init">
        <mkdir dir="${build.generated.dir}/jax-wsCache/asyncStrictAirportManager"/>
        <property name="wsdl-asyncStrictAirportManager" location="xml-resources/web-service-references/asyncStrictAirportManager/wsdl/asyncStrictAirportManager.wsdl"/>
        <wsimport sourcedestdir="${build.generated.dir}/jax-wsCache/asyncStrictAirportManager" destdir="${build.generated.dir}/jax-wsCache/asyncStrictAirportManager" wsdl="${wsdl-asyncStrictAirportManager}" catalog="catalog.xml" extension="true" verbose="true" wsdlLocation="file:/Users/education@oracle.com/projects/JavaEE6%20Web%20Services%20Courses/dws4050/trunk/examples/jaxws/JAXWSClients/src/xml/asyncStrictAirportManager.wsdl" xnocompile="true" xendorsed="true" package="clients.asyncExt">
            <depends file="${wsdl-asyncStrictAirportManager}"/>
            <produces dir="${build.generated.dir}/jax-wsCache/asyncStrictAirportManager"/>
        </wsimport>
        <copy todir="${build.generated.sources.dir}/jax-ws">
            <fileset dir="${build.generated.dir}/jax-wsCache/asyncStrictAirportManager">
                <include name="**/*.java"/>
            </fileset>
        </copy>
    </target>
    <target name="wsimport-client-clean-asyncStrictAirportManager" depends="-init-project">
        <delete dir="${build.generated.dir}/jax-wsCache/asyncStrictAirportManager"/>
        <delete dir="${build.generated.sources.dir}/jax-ws/clients/asyncExt"/>
    </target>
    <target name="wsimport-client-generate" depends="wsimport-client-airportManager, wsimport-client-stricterAirportManager, wsimport-client-airportManager_1, wsimport-client-asyncStrictAirportManager"/>
</project>
