<?xml version="1.0" encoding="UTF-8"?>
<con:soapui-project name="AirportManagersTest" soapui-version="3.0.1" abortOnError="false" runType="SEQUENTIAL" resourceRoot="" xmlns:con="http://eviware.com/soapui/config"><con:settings/><con:interface xsi:type="con:WsdlInterface" wsaVersion="NONE" name="AirportManagerPortBinding" type="wsdl" bindingName="{http://server.jaxws.example.com/}AirportManagerPortBinding" soapVersion="1_1" anonymous="optional" definition="http://localhost:8080/airportManager?WSDL" xmlns:xsi="http://www.w3.org/2001/XMLSchema-instance"><con:settings/><con:definitionCache type="TEXT" rootPart="http://localhost:8080/airportManager?WSDL"><con:part><con:url>http://localhost:8080/airportManager?WSDL</con:url><con:content><![CDATA[<!--Published by JAX-WS RI at http://jax-ws.dev.java.net. RI's version is JAX-WS RI 2.1.1 in JDK 6.-->
<!--Generated by JAX-WS RI at http://jax-ws.dev.java.net. RI's version is JAX-WS RI 2.1.1 in JDK 6.-->
<definitions targetNamespace="http://server.jaxws.example.com/" name="AirportManagerService" xmlns:soap="http://schemas.xmlsoap.org/wsdl/soap/" xmlns:tns="http://server.jaxws.example.com/" xmlns:xsd="http://www.w3.org/2001/XMLSchema" xmlns="http://schemas.xmlsoap.org/wsdl/">
  <types>
    <xsd:schema>
      <xsd:import namespace="http://server.jaxws.example.com/" schemaLocation="http://localhost:8080/airportManager?xsd=1"/>
    </xsd:schema>
  </types>
  <message name="addAirport">
    <part name="parameters" element="tns:addAirport"/>
  </message>
  <message name="addAirportResponse">
    <part name="parameters" element="tns:addAirportResponse"/>
  </message>
  <portType name="AirportManager">
    <operation name="addAirport">
      <input message="tns:addAirport"/>
      <output message="tns:addAirportResponse"/>
    </operation>
  </portType>
  <binding name="AirportManagerPortBinding" type="tns:AirportManager">
    <soap:binding transport="http://schemas.xmlsoap.org/soap/http" style="document"/>
    <operation name="addAirport">
      <soap:operation soapAction=""/>
      <input>
        <soap:body use="literal"/>
      </input>
      <output>
        <soap:body use="literal"/>
      </output>
    </operation>
  </binding>
  <service name="AirportManagerService">
    <port name="AirportManagerPort" binding="tns:AirportManagerPortBinding">
      <soap:address location="http://localhost:8080/airportManager"/>
    </port>
  </service>
</definitions>]]></con:content><con:type>http://schemas.xmlsoap.org/wsdl/</con:type></con:part><con:part><con:url>http://localhost:8080/airportManager?xsd=1</con:url><con:content><![CDATA[<!--Published by JAX-WS RI at http://jax-ws.dev.java.net. RI's version is JAX-WS RI 2.1.1 in JDK 6.-->
<xs:schema version="1.0" targetNamespace="http://server.jaxws.example.com/" xmlns:tns="http://server.jaxws.example.com/" xmlns:xs="http://www.w3.org/2001/XMLSchema">
  <xs:element name="addAirport" type="tns:addAirport"/>
  <xs:element name="addAirportResponse" type="tns:addAirportResponse"/>
  <xs:complexType name="addAirport">
    <xs:sequence>
      <xs:element name="arg0" type="xs:string" minOccurs="0"/>
      <xs:element name="arg1" type="xs:string" minOccurs="0"/>
    </xs:sequence>
  </xs:complexType>
  <xs:complexType name="addAirportResponse">
    <xs:sequence>
      <xs:element name="return" type="xs:long"/>
    </xs:sequence>
  </xs:complexType>
</xs:schema>]]></con:content><con:type>http://www.w3.org/2001/XMLSchema</con:type></con:part></con:definitionCache><con:endpoints><con:endpoint>http://localhost:8080/airportManager</con:endpoint></con:endpoints><con:operation isOneWay="false" action="" name="addAirport" bindingOperationName="addAirport" type="Request-Response" inputName="" receivesAttachments="false" sendsAttachments="false"><con:settings/></con:operation></con:interface><con:interface xsi:type="con:WsdlInterface" wsaVersion="NONE" name="AirportMgrBinding" type="wsdl" bindingName="{http://server.jaxws.example.com/}AirportMgrBinding" soapVersion="1_1" anonymous="optional" definition="http://localhost:8080/rpcLiteralManager?WSDL" xmlns:xsi="http://www.w3.org/2001/XMLSchema-instance"><con:settings/><con:definitionCache type="TEXT" rootPart="http://localhost:8080/rpcLiteralManager?WSDL"><con:part><con:url>http://localhost:8080/rpcLiteralManager?WSDL</con:url><con:content><![CDATA[<!--Published by JAX-WS RI at http://jax-ws.dev.java.net. RI's version is JAX-WS RI 2.1.6 in JDK 6.-->
<!--Generated by JAX-WS RI at http://jax-ws.dev.java.net. RI's version is JAX-WS RI 2.1.6 in JDK 6.-->
<definitions targetNamespace="http://server.jaxws.example.com/" name="Managers" xmlns:soap="http://schemas.xmlsoap.org/wsdl/soap/" xmlns:tns="http://server.jaxws.example.com/" xmlns:xsd="http://www.w3.org/2001/XMLSchema" xmlns="http://schemas.xmlsoap.org/wsdl/">
  <types>
    <xsd:schema>
      <xsd:import namespace="http://jaxb.dev.java.net/array" schemaLocation="http://localhost:8080/rpcLiteralManager?xsd=1"/>
    </xsd:schema>
  </types>
  <message name="addAirport">
    <part name="code" type="xsd:string"/>
    <part name="name" type="xsd:string"/>
  </message>
  <message name="addAirportResponse">
    <part name="return" type="xsd:long"/>
  </message>
  <message name="findNeighbors">
    <part name="code" type="xsd:string"/>
  </message>
  <message name="findNeighborsResponse">
    <part name="return" type="ns1:stringArray" xmlns:ns1="http://jaxb.dev.java.net/array"/>
  </message>
  <portType name="RPCLiteralAirportManager">
    <operation name="addAirport" parameterOrder="code name">
      <input message="tns:addAirport"/>
      <output message="tns:addAirportResponse"/>
    </operation>
    <operation name="findNeighbors">
      <input message="tns:findNeighbors"/>
      <output message="tns:findNeighborsResponse"/>
    </operation>
  </portType>
  <binding name="AirportMgrBinding" type="tns:RPCLiteralAirportManager">
    <soap:binding transport="http://schemas.xmlsoap.org/soap/http" style="rpc"/>
    <operation name="addAirport">
      <soap:operation soapAction=""/>
      <input>
        <soap:body use="literal" namespace="http://server.jaxws.example.com/"/>
      </input>
      <output>
        <soap:body use="literal" namespace="http://server.jaxws.example.com/"/>
      </output>
    </operation>
    <operation name="findNeighbors">
      <soap:operation soapAction=""/>
      <input>
        <soap:body use="literal" namespace="http://server.jaxws.example.com/"/>
      </input>
      <output>
        <soap:body use="literal" namespace="http://server.jaxws.example.com/"/>
      </output>
    </operation>
  </binding>
  <service name="Managers">
    <port name="AirportMgr" binding="tns:AirportMgrBinding">
      <soap:address location="http://localhost:8080/rpcLiteralManager"/>
    </port>
  </service>
</definitions>]]></con:content><con:type>http://schemas.xmlsoap.org/wsdl/</con:type></con:part><con:part><con:url>http://localhost:8080/rpcLiteralManager?xsd=1</con:url><con:content><![CDATA[<!--Published by JAX-WS RI at http://jax-ws.dev.java.net. RI's version is JAX-WS RI 2.1.6 in JDK 6.-->
<xs:schema version="1.0" targetNamespace="http://jaxb.dev.java.net/array" xmlns:xs="http://www.w3.org/2001/XMLSchema">
  <xs:complexType name="stringArray" final="#all">
    <xs:sequence>
      <xs:element name="item" type="xs:string" minOccurs="0" maxOccurs="unbounded" nillable="true"/>
    </xs:sequence>
  </xs:complexType>
</xs:schema>]]></con:content><con:type>http://www.w3.org/2001/XMLSchema</con:type></con:part></con:definitionCache><con:endpoints><con:endpoint>http://localhost:8080/rpcLiteralManager</con:endpoint></con:endpoints><con:operation isOneWay="false" action="" name="addAirport" bindingOperationName="addAirport" type="Request-Response" inputName="" receivesAttachments="false" sendsAttachments="false" anonymous="optional"><con:settings/><con:call name="Request 1"><con:settings/><con:encoding>UTF-8</con:encoding><con:endpoint>http://localhost:8080/rpcLiteralManager</con:endpoint><con:request><![CDATA[<soapenv:Envelope xmlns:soapenv="http://schemas.xmlsoap.org/soap/envelope/" xmlns:ser="http://server.jaxws.example.com/">
   <soapenv:Header/>
   <soapenv:Body>
      <ser:addAirport>
         <code>?</code>
         <name>?</name>
      </ser:addAirport>
   </soapenv:Body>
</soapenv:Envelope>]]></con:request><con:wsaConfig mustUnderstand="NONE" version="200508" action="http://server.jaxws.example.com/RPCLiteralAirportManager/addAirportRequest"/><con:wsrmConfig version="1.2"/></con:call></con:operation><con:operation isOneWay="false" action="" name="findNeighbors" bindingOperationName="findNeighbors" type="Request-Response" inputName="" receivesAttachments="false" sendsAttachments="false" anonymous="optional"><con:settings/><con:call name="Request 1"><con:settings/><con:encoding>UTF-8</con:encoding><con:endpoint>http://localhost:8080/rpcLiteralManager</con:endpoint><con:request><![CDATA[<soapenv:Envelope xmlns:soapenv="http://schemas.xmlsoap.org/soap/envelope/" xmlns:ser="http://server.jaxws.example.com/">
   <soapenv:Header/>
   <soapenv:Body>
      <ser:findNeighbors>
         <code>?</code>
      </ser:findNeighbors>
   </soapenv:Body>
</soapenv:Envelope>]]></con:request><con:wsaConfig mustUnderstand="NONE" version="200508" action="http://server.jaxws.example.com/RPCLiteralAirportManager/findNeighborsRequest"/></con:call></con:operation></con:interface><con:interface xsi:type="con:WsdlInterface" wsaVersion="NONE" name="DocLiteralAirportMgrBinding" type="wsdl" bindingName="{http://server.jaxws.example.com/}DocLiteralAirportMgrBinding" soapVersion="1_1" anonymous="optional" definition="http://localhost:8080/docLiteralManager?WSDL" xmlns:xsi="http://www.w3.org/2001/XMLSchema-instance"><con:settings/><con:definitionCache type="TEXT" rootPart="http://localhost:8080/docLiteralManager?WSDL"><con:part><con:url>http://localhost:8080/docLiteralManager?WSDL</con:url><con:content><![CDATA[<!--Published by JAX-WS RI at http://jax-ws.dev.java.net. RI's version is JAX-WS RI 2.1.6 in JDK 6.-->
<!--Generated by JAX-WS RI at http://jax-ws.dev.java.net. RI's version is JAX-WS RI 2.1.6 in JDK 6.-->
<definitions targetNamespace="http://server.jaxws.example.com/" name="Managers" xmlns:soap="http://schemas.xmlsoap.org/wsdl/soap/" xmlns:tns="http://server.jaxws.example.com/" xmlns:xsd="http://www.w3.org/2001/XMLSchema" xmlns="http://schemas.xmlsoap.org/wsdl/">
  <types>
    <xsd:schema>
      <xsd:import namespace="http://server.jaxws.example.com/" schemaLocation="http://localhost:8080/docLiteralManager?xsd=1"/>
    </xsd:schema>
    <xsd:schema>
      <xsd:import namespace="http://jaxb.dev.java.net/array" schemaLocation="http://localhost:8080/docLiteralManager?xsd=2"/>
    </xsd:schema>
  </types>
  <message name="addAirport">
    <part name="airport" element="tns:airport"/>
  </message>
  <message name="addAirportResponse">
    <part name="addAirportResponse" element="tns:addAirportResponse"/>
  </message>
  <message name="findNeighbors">
    <part name="code" element="tns:code"/>
  </message>
  <message name="findNeighborsResponse">
    <part name="findNeighborsResponse" element="tns:findNeighborsResponse"/>
  </message>
  <portType name="DocumentLiteralAirportManager">
    <operation name="addAirport">
      <input message="tns:addAirport"/>
      <output message="tns:addAirportResponse"/>
    </operation>
    <operation name="findNeighbors">
      <input message="tns:findNeighbors"/>
      <output message="tns:findNeighborsResponse"/>
    </operation>
  </portType>
  <binding name="DocLiteralAirportMgrBinding" type="tns:DocumentLiteralAirportManager">
    <soap:binding transport="http://schemas.xmlsoap.org/soap/http" style="document"/>
    <operation name="addAirport">
      <soap:operation soapAction=""/>
      <input>
        <soap:body use="literal"/>
      </input>
      <output>
        <soap:body use="literal"/>
      </output>
    </operation>
    <operation name="findNeighbors">
      <soap:operation soapAction=""/>
      <input>
        <soap:body use="literal"/>
      </input>
      <output>
        <soap:body use="literal"/>
      </output>
    </operation>
  </binding>
  <service name="Managers">
    <port name="DocLiteralAirportMgr" binding="tns:DocLiteralAirportMgrBinding">
      <soap:address location="http://localhost:8080/docLiteralManager"/>
    </port>
  </service>
</definitions>]]></con:content><con:type>http://schemas.xmlsoap.org/wsdl/</con:type></con:part><con:part><con:url>http://localhost:8080/docLiteralManager?xsd=1</con:url><con:content><![CDATA[<!--Published by JAX-WS RI at http://jax-ws.dev.java.net. RI's version is JAX-WS RI 2.1.6 in JDK 6.-->
<xs:schema version="1.0" targetNamespace="http://server.jaxws.example.com/" xmlns:tns="http://server.jaxws.example.com/" xmlns:ns1="http://jaxb.dev.java.net/array" xmlns:xs="http://www.w3.org/2001/XMLSchema">
  <xs:import namespace="http://jaxb.dev.java.net/array" schemaLocation="http://localhost:8080/docLiteralManager?xsd=2"/>
  <xs:element name="addAirportResponse" type="xs:long"/>
  <xs:element name="airport" nillable="true" type="tns:airport"/>
  <xs:element name="code" nillable="true" type="xs:string"/>
  <xs:element name="findNeighborsResponse" nillable="true" type="ns1:stringArray"/>
  <xs:complexType name="airport">
    <xs:complexContent>
      <xs:extension base="tns:domainEntity">
        <xs:sequence>
          <xs:element name="code" type="xs:string" minOccurs="0"/>
          <xs:element name="name" type="xs:string" minOccurs="0"/>
        </xs:sequence>
      </xs:extension>
    </xs:complexContent>
  </xs:complexType>
  <xs:complexType name="domainEntity">
    <xs:sequence>
      <xs:element name="id" type="xs:long"/>
      <xs:element name="version" type="xs:int" minOccurs="0"/>
    </xs:sequence>
  </xs:complexType>
</xs:schema>]]></con:content><con:type>http://www.w3.org/2001/XMLSchema</con:type></con:part><con:part><con:url>http://localhost:8080/docLiteralManager?xsd=2</con:url><con:content><![CDATA[<!--Published by JAX-WS RI at http://jax-ws.dev.java.net. RI's version is JAX-WS RI 2.1.6 in JDK 6.-->
<xs:schema version="1.0" targetNamespace="http://jaxb.dev.java.net/array" xmlns:xs="http://www.w3.org/2001/XMLSchema">
  <xs:complexType name="stringArray" final="#all">
    <xs:sequence>
      <xs:element name="item" type="xs:string" minOccurs="0" maxOccurs="unbounded" nillable="true"/>
    </xs:sequence>
  </xs:complexType>
</xs:schema>]]></con:content><con:type>http://www.w3.org/2001/XMLSchema</con:type></con:part></con:definitionCache><con:endpoints><con:endpoint>http://localhost:8080/docLiteralManager</con:endpoint></con:endpoints><con:operation isOneWay="false" action="" name="addAirport" bindingOperationName="addAirport" type="Request-Response" inputName="" receivesAttachments="false" sendsAttachments="false" anonymous="optional"><con:settings/><con:call name="Request 1"><con:settings/><con:encoding>UTF-8</con:encoding><con:endpoint>http://localhost:8080/docLiteralManager</con:endpoint><con:request><![CDATA[<soapenv:Envelope xmlns:soapenv="http://schemas.xmlsoap.org/soap/envelope/" xmlns:ser="http://server.jaxws.example.com/">
   <soapenv:Header/>
   <soapenv:Body>
      <ser:airport>
         <id>?</id>
         <!--Optional:-->
         <version>?</version>
         <!--Optional:-->
         <code>?</code>
         <!--Optional:-->
         <name>?</name>
      </ser:airport>
   </soapenv:Body>
</soapenv:Envelope>]]></con:request><con:wsaConfig mustUnderstand="NONE" version="200508" action="http://server.jaxws.example.com/DocumentLiteralAirportManager/addAirportRequest"/></con:call></con:operation><con:operation isOneWay="false" action="" name="findNeighbors" bindingOperationName="findNeighbors" type="Request-Response" inputName="" receivesAttachments="false" sendsAttachments="false" anonymous="optional"><con:settings/><con:call name="Request 1"><con:settings/><con:encoding>UTF-8</con:encoding><con:endpoint>http://localhost:8080/docLiteralManager</con:endpoint><con:request><![CDATA[<soapenv:Envelope xmlns:soapenv="http://schemas.xmlsoap.org/soap/envelope/" xmlns:ser="http://server.jaxws.example.com/">
   <soapenv:Header/>
   <soapenv:Body>
      <ser:code>?</ser:code>
   </soapenv:Body>
</soapenv:Envelope>]]></con:request><con:wsaConfig mustUnderstand="NONE" version="200508" action="http://server.jaxws.example.com/DocumentLiteralAirportManager/findNeighborsRequest"/></con:call></con:operation></con:interface><con:interface xsi:type="con:WsdlInterface" wsaVersion="NONE" name="WrappedAirportManagerPortBinding" type="wsdl" bindingName="{http://server.jaxws.example.com/}WrappedAirportManagerPortBinding" soapVersion="1_1" anonymous="optional" definition="file:/Users/education@oracle.com/projects/JavaEE6%20Web%20Services%20Courses/dws4050/trunk/examples/jaxws/Managers/generated/slides/wrappedAirportManager.wsdl" xmlns:xsi="http://www.w3.org/2001/XMLSchema-instance"><con:settings/><con:definitionCache type="TEXT" rootPart="file:/Users/mlejter/projects/JavaEE6%20Web%20Services%20Courses/dws4050/trunk/examples/jaxws/Managers/generated/slides/wrappedAirportManager.wsdl"><con:part><con:url>file:/Users/mlejter/projects/JavaEE6%20Web%20Services%20Courses/dws4050/trunk/examples/jaxws/Managers/generated/slides/wrappedAirportManager.wsdl</con:url><con:content><![CDATA[<!--Published by JAX-WS RI at http://jax-ws.dev.java.net. RI's version is JAX-WS RI 2.1.1 in JDK 6.-->
<!--Generated by JAX-WS RI at http://jax-ws.dev.java.net. RI's version is JAX-WS RI 2.1.1 in JDK 6.-->
<definitions targetNamespace="http://server.jaxws.example.com/" name="AirportManagerService" xmlns:soap="http://schemas.xmlsoap.org/wsdl/soap/" xmlns:tns="http://server.jaxws.example.com/" xmlns:xsd="http://www.w3.org/2001/XMLSchema" xmlns="http://schemas.xmlsoap.org/wsdl/">
  <types>
    <xsd:schema>
      <xsd:import namespace="http://server.jaxws.example.com/" schemaLocation="wrappedAirportManager.xsd"/>
    </xsd:schema>
  </types>
  <message name="addAirport">
    <part name="parameters" element="tns:addAirport"/>
  </message>
  <message name="addAirportResponse">
    <part name="parameters" element="tns:addAirportResponse"/>
  </message>
  <portType name="AirportManager">
    <operation name="addAirport">
      <input message="tns:addAirport"/>
      <output message="tns:addAirportResponse"/>
    </operation>
  </portType>
  <binding name="WrappedAirportManagerPortBinding" type="tns:AirportManager">
    <soap:binding style="document" transport="http://schemas.xmlsoap.org/soap/http"/>
    <jaxws:bindings xmlns:jaxws="http://java.sun.com/xml/ns/jaxws">
      <jaxws:enableWrapperStyle>true</jaxws:enableWrapperStyle>
    </jaxws:bindings>
    <operation name="addAirport">
      <soap:operation soapAction=""/>
      <input>
        <soap:body use="literal"/>
      </input>
      <output>
        <soap:body use="literal"/>
      </output>
    </operation>
  </binding>
  <service name="AirportManagerService">
    <port name="AirportManagerPort" binding="tns:WrappedAirportManagerPortBinding">
      <soap:address location="http://localhost:8080/wrappedAirportManager"/>
    </port>
  </service>
</definitions>]]></con:content><con:type>http://schemas.xmlsoap.org/wsdl/</con:type></con:part><con:part><con:url>file:/Users/education@oracle.com/projects/JavaEE6%20Web%20Services%20Courses/dws4050/trunk/examples/jaxws/Managers/generated/slides/wrappedAirportManager.xsd</con:url><con:content><![CDATA[<!--Published by JAX-WS RI at http://jax-ws.dev.java.net. RI's version is JAX-WS RI 2.1.1 in JDK 6.-->
<xs:schema version="1.0" targetNamespace="http://server.jaxws.example.com/" xmlns:tns="http://server.jaxws.example.com/" xmlns:xs="http://www.w3.org/2001/XMLSchema">
  <xs:element name="addAirport" type="tns:addAirport"/>
  <xs:element name="addAirportResponse" type="tns:addAirportResponse"/>
  <xs:complexType name="addAirport">
    <xs:sequence>
      <xs:element name="code" type="xs:string" minOccurs="0"/>
      <xs:element name="name" type="xs:string" minOccurs="0"/>
    </xs:sequence>
  </xs:complexType>
  <xs:complexType name="addAirportResponse">
    <xs:sequence>
      <xs:element name="return" type="xs:long"/>
    </xs:sequence>
  </xs:complexType>
</xs:schema>]]></con:content><con:type>http://www.w3.org/2001/XMLSchema</con:type></con:part></con:definitionCache><con:endpoints><con:endpoint>http://localhost:8080/wrappedAirportManager</con:endpoint></con:endpoints><con:operation isOneWay="false" action="" name="addAirport" bindingOperationName="addAirport" type="Request-Response" inputName="" receivesAttachments="false" sendsAttachments="false" anonymous="optional"><con:settings/><con:call name="Request 1"><con:settings/><con:encoding>UTF-8</con:encoding><con:endpoint>http://localhost:8080/wrappedAirportManager</con:endpoint><con:request><![CDATA[<soapenv:Envelope xmlns:soapenv="http://schemas.xmlsoap.org/soap/envelope/" xmlns:ser="http://server.jaxws.example.com/">
   <soapenv:Header/>
   <soapenv:Body>
      <ser:addAirport>
         <!--Optional:-->
         <code>?</code>
         <!--Optional:-->
         <name>?</name>
      </ser:addAirport>
   </soapenv:Body>
</soapenv:Envelope>]]></con:request><con:wsaConfig mustUnderstand="NONE" version="200508" action="http://server.jaxws.example.com/AirportManager/addAirportRequest"/></con:call></con:operation></con:interface><con:testSuite name="AirportManagerPortBinding TestSuite"><con:settings/><con:runType>SEQUENTIAL</con:runType><con:testCase failOnError="true" failTestCaseOnErrors="true" keepSession="false" maxResults="0" name="addAirport TestCase" searchProperties="true"><con:settings/><con:testStep type="request" name="addAirport"><con:settings/><con:config xsi:type="con:RequestStep" xmlns:xsi="http://www.w3.org/2001/XMLSchema-instance"><con:interface>AirportManagerPortBinding</con:interface><con:operation>addAirport</con:operation><con:request name="addAirport"><con:settings/><con:encoding>UTF-8</con:encoding><con:endpoint>http://localhost:8080/airportManager</con:endpoint><con:request><![CDATA[<soapenv:Envelope xmlns:soapenv="http://schemas.xmlsoap.org/soap/envelope/" xmlns:ser="http://server.jaxws.example.com/">
   <soapenv:Header/>
   <soapenv:Body>
      <ser:addAirport>
         <!--Optional:-->
         <arg0>?</arg0>
         <!--Optional:-->
         <arg1>?</arg1>
      </ser:addAirport>
   </soapenv:Body>
</soapenv:Envelope>]]></con:request><con:wsaConfig action="http://server.jaxws.example.com/AirportManager/addAirportRequest"/></con:request></con:config></con:testStep><con:properties/></con:testCase><con:properties/></con:testSuite><con:testSuite name="RPCLiteralAirportMgrBinding TestSuite"><con:settings/><con:runType>SEQUENTIAL</con:runType><con:testCase failOnError="true" failTestCaseOnErrors="true" keepSession="false" maxResults="0" name="addAirport TestCase" searchProperties="true"><con:settings/><con:testStep type="request" name="addAirport"><con:settings/><con:config xsi:type="con:RequestStep" xmlns:xsi="http://www.w3.org/2001/XMLSchema-instance"><con:interface>AirportMgrBinding</con:interface><con:operation>addAirport</con:operation><con:request name="addAirport"><con:settings/><con:encoding>UTF-8</con:encoding><con:endpoint>http://localhost:8080/rpcLiteralManager</con:endpoint><con:request><![CDATA[<soapenv:Envelope xmlns:soapenv="http://schemas.xmlsoap.org/soap/envelope/" xmlns:ser="http://server.jaxws.example.com/">
   <soapenv:Header/>
   <soapenv:Body>
      <ser:addAirport>
         <code>JFK</code>
         <name>New York John F. Kennedy Airport</name>
      </ser:addAirport>
   </soapenv:Body>
</soapenv:Envelope>]]></con:request><con:wsaConfig action="http://server.jaxws.example.com/RPCLiteralAirportManager/addAirportRequest" mustUnderstand="NONE" version="200508"/><con:wsrmConfig version="1.2"/></con:request></con:config></con:testStep><con:properties/></con:testCase><con:testCase failOnError="true" failTestCaseOnErrors="true" keepSession="false" maxResults="0" name="findNeighbors TestCase" searchProperties="true"><con:settings/><con:testStep type="request" name="findNeighbors"><con:settings/><con:config xsi:type="con:RequestStep" xmlns:xsi="http://www.w3.org/2001/XMLSchema-instance"><con:interface>AirportMgrBinding</con:interface><con:operation>findNeighbors</con:operation><con:request name="findNeighbors"><con:settings/><con:encoding>UTF-8</con:encoding><con:endpoint>http://localhost:8080/rpcLiteralManager</con:endpoint><con:request><![CDATA[<soapenv:Envelope xmlns:soapenv="http://schemas.xmlsoap.org/soap/envelope/" xmlns:ser="http://server.jaxws.example.com/">
   <soapenv:Header/>
   <soapenv:Body>
      <ser:findNeighbors>
         <code>LGA</code>
      </ser:findNeighbors>
   </soapenv:Body>
</soapenv:Envelope>]]></con:request><con:wsaConfig action="http://server.jaxws.example.com/RPCLiteralAirportManager/findNeighborsRequest" mustUnderstand="NONE" version="200508"/><con:wsrmConfig version="1.2"/></con:request></con:config></con:testStep><con:properties/></con:testCase><con:properties/></con:testSuite><con:testSuite name="DocLiteralAirportMgrBinding TestSuite"><con:settings/><con:runType>SEQUENTIAL</con:runType><con:testCase failOnError="true" failTestCaseOnErrors="true" keepSession="false" maxResults="0" name="addAirport TestCase" searchProperties="true"><con:settings/><con:testStep type="request" name="addAirport"><con:settings/><con:config xsi:type="con:RequestStep" xmlns:xsi="http://www.w3.org/2001/XMLSchema-instance"><con:interface>DocLiteralAirportMgrBinding</con:interface><con:operation>addAirport</con:operation><con:request name="addAirport"><con:settings/><con:encoding>UTF-8</con:encoding><con:endpoint>http://localhost:8080/docLiteralManager</con:endpoint><con:request><![CDATA[<soapenv:Envelope xmlns:soapenv="http://schemas.xmlsoap.org/soap/envelope/" xmlns:ser="http://server.jaxws.example.com/">
   <soapenv:Header/>
   <soapenv:Body>
      <ser:airport>
         <code>LGA</code>
         <name>New York La Guardia Airport</name>
      </ser:airport>
   </soapenv:Body>
</soapenv:Envelope>]]></con:request><con:wsaConfig action="http://server.jaxws.example.com/DocumentLiteralAirportManager/addAirportRequest" mustUnderstand="NONE" version="200508"/><con:wsrmConfig version="1.2"/></con:request></con:config></con:testStep><con:properties/></con:testCase><con:testCase failOnError="true" failTestCaseOnErrors="true" keepSession="false" maxResults="0" name="findNeighbors TestCase" searchProperties="true"><con:settings/><con:testStep type="request" name="findNeighbors"><con:settings/><con:config xsi:type="con:RequestStep" xmlns:xsi="http://www.w3.org/2001/XMLSchema-instance"><con:interface>DocLiteralAirportMgrBinding</con:interface><con:operation>findNeighbors</con:operation><con:request name="findNeighbors"><con:settings/><con:encoding>UTF-8</con:encoding><con:endpoint>http://localhost:8080/docLiteralManager</con:endpoint><con:request><![CDATA[<soapenv:Envelope xmlns:soapenv="http://schemas.xmlsoap.org/soap/envelope/" xmlns:ser="http://server.jaxws.example.com/">
   <soapenv:Header/>
   <soapenv:Body>
      <ser:code>?</ser:code>
   </soapenv:Body>
</soapenv:Envelope>]]></con:request><con:wsaConfig action="http://server.jaxws.example.com/DocumentLiteralAirportManager/findNeighborsRequest"/></con:request></con:config></con:testStep><con:properties/></con:testCase><con:properties/></con:testSuite><con:testSuite name="WrappedAirportManagerPortBinding TestSuite"><con:settings/><con:runType>SEQUENTIAL</con:runType><con:testCase failOnError="true" failTestCaseOnErrors="true" keepSession="false" maxResults="0" name="addAirport TestCase" searchProperties="true"><con:settings/><con:testStep type="request" name="addAirport"><con:settings/><con:config xsi:type="con:RequestStep" xmlns:xsi="http://www.w3.org/2001/XMLSchema-instance"><con:interface>WrappedAirportManagerPortBinding</con:interface><con:operation>addAirport</con:operation><con:request name="addAirport"><con:settings/><con:encoding>UTF-8</con:encoding><con:endpoint>http://localhost:8080/wrappedAirportManager</con:endpoint><con:request><![CDATA[<soapenv:Envelope xmlns:soapenv="http://schemas.xmlsoap.org/soap/envelope/" xmlns:ser="http://server.jaxws.example.com/">
   <soapenv:Header/>
   <soapenv:Body>
      <ser:addAirport>
         <!--Optional:-->
         <code>?</code>
         <!--Optional:-->
         <name>?</name>
      </ser:addAirport>
   </soapenv:Body>
</soapenv:Envelope>]]></con:request><con:wsaConfig action="http://server.jaxws.example.com/AirportManager/addAirportRequest" mustUnderstand="NONE" version="200508"/><con:wsrmConfig version="1.2"/></con:request></con:config></con:testStep><con:properties/></con:testCase><con:properties/></con:testSuite><con:properties/><con:wssContainer/></con:soapui-project>