<?xml version="1.0" encoding="UTF-8"?><!-- Published by JAX-WS RI at http://jax-ws.dev.java.net. RI's version is JAX-WS RI 2.1.6 in JDK 6. --><!-- Generated by JAX-WS RI at http://jax-ws.dev.java.net. RI's version is JAX-WS RI 2.1.6 in JDK 6. --><definitions xmlns:soap="http://schemas.xmlsoap.org/wsdl/soap/" xmlns:tns="http://server.jaxws.example.com/" xmlns:xsd="http://www.w3.org/2001/XMLSchema" xmlns="http://schemas.xmlsoap.org/wsdl/" targetNamespace="http://server.jaxws.example.com/" name="Managers">
<types>
<xsd:schema>
<xsd:import namespace="http://jaxb.dev.java.net/array" schemaLocation="http://localhost:8080/rpcEncodedManager?xsd=1"></xsd:import>
</xsd:schema>
</types>
<message name="add">
<part name="code" type="xsd:string"></part>
<part name="name" type="xsd:string"></part>
</message>
<message name="addResponse">
<part name="return" type="xsd:long"></part>
</message>
<message name="findNeighbors">
<part name="code" type="xsd:string"></part>
</message>
<message name="findNeighborsResponse">
<part xmlns:ns1="http://jaxb.dev.java.net/array" name="return" type="ns1:stringArray"></part>
</message>
<portType name="RPCEncodedAirportManager">
<operation name="add" parameterOrder="code name">
<input message="tns:add"></input>
<output message="tns:addResponse"></output>
</operation>
<operation name="findNeighbors">
<input message="tns:findNeighbors"></input>
<output message="tns:findNeighborsResponse"></output>
</operation>
</portType>
<binding name="AirportMgrBinding" type="tns:RPCEncodedAirportManager">
<soap:binding transport="http://schemas.xmlsoap.org/soap/http" style="rpc"></soap:binding>
<operation name="add">
<soap:operation soapAction=""></soap:operation>
<input>
<soap:body use="literal" namespace="http://server.jaxws.example.com/"></soap:body>
</input>
<output>
<soap:body use="literal" namespace="http://server.jaxws.example.com/"></soap:body>
</output>
</operation>
<operation name="findNeighbors">
<soap:operation soapAction=""></soap:operation>
<input>
<soap:body use="literal" namespace="http://server.jaxws.example.com/"></soap:body>
</input>
<output>
<soap:body use="literal" namespace="http://server.jaxws.example.com/"></soap:body>
</output>
</operation>
</binding>
<service name="Managers">
<port name="AirportMgr" binding="tns:AirportMgrBinding">
<soap:address location="http://localhost:8080/rpcEncodedManager"></soap:address>
</port>
</service>
</definitions>