<?xml version="1.0" encoding="UTF-8"?>
<jax-ws xmlns="http://www.netbeans.org/ns/jax-ws/1">
  <services>
    <service name="UserManagerImpl">
      <implementation-class>labs.UserManagerImpl</implementation-class>
      <wsdl-url>file:/D:/labs/student/solutions/mod04/ex2/POJOsInContainer/src/java/labs/UserManagerSvc.wsdl</wsdl-url>
      <local-wsdl-file>UserManagerSvc.wsdl</local-wsdl-file>
      <service-name>UserManagerSvc</service-name>
      <port-name>UserManager</port-name>
      <package-name>auction</package-name>
      <catalog-file>catalog.xml</catalog-file>
      <use-provider>false</use-provider>
      <wsimport-options>
        <wsimport-option>
          <wsimport-option-name>extension</wsimport-option-name>
          <wsimport-option-value>true</wsimport-option-value>
        </wsimport-option>
        <wsimport-option>
          <wsimport-option-name>verbose</wsimport-option-name>
          <wsimport-option-value>true</wsimport-option-value>
        </wsimport-option>
        <wsimport-option>
          <wsimport-option-name>xnocompile</wsimport-option-name>
          <wsimport-option-value>true</wsimport-option-value>
        </wsimport-option>
        <wsimport-option>
          <wsimport-option-name>xendorsed</wsimport-option-name>
          <wsimport-option-value>true</wsimport-option-value>
        </wsimport-option>
      </wsimport-options>
    </service>
    <service name="ItemManager">
      <implementation-class>labs.ItemManager</implementation-class>
    </service>
  </services>
  <clients/>
</jax-ws>
