<?xml version="1.0" encoding="UTF-8"?><!-- Published by JAX-WS RI at http://jax-ws.dev.java.net. RI's version is JAX-WS RI 2.1.1 in JDK 6. --><!-- Generated by JAX-WS RI at http://jax-ws.dev.java.net. RI's version is JAX-WS RI 2.1.1 in JDK 6. -->
<definitions xmlns:soap="http://schemas.xmlsoap.org/wsdl/soap/" xmlns:tns="http://server.jaxws.example.com/" xmlns:xsd="http://www.w3.org/2001/XMLSchema" xmlns="http://schemas.xmlsoap.org/wsdl/" targetNamespace="http://server.jaxws.example.com/" name="AirportManagerService">
<types>
  <xsd:schema>
    <xsd:import namespace="http://server.jaxws.example.com/" schemaLocation="http://localhost:8080/airportManager?xsd=1"></xsd:import>
  </xsd:schema>
</types>
<message name="addAirport">
  <part name="parameters" element="tns:addAirport"/>
</message>
<message name="addAirportResponse">
  <part name="parameters" element="tns:addAirportResponse"/>
</message>
<portType name="AirportManager">
  <operation name="addAirport">
    <input message="tns:addAirport"/>
    <output message="tns:addAirportResponse"/>
  </operation>
</portType>
<binding name="AirportManagerPortBinding" type="tns:AirportManager">
<soap:binding transport="http://schemas.xmlsoap.org/soap/http" style="document"></soap:binding>
<operation name="addAirport">
<soap:operation soapAction=""></soap:operation>
<input>
<soap:body use="literal"></soap:body>
</input>
<output>
<soap:body use="literal"></soap:body>
</output>
</operation>
</binding>
<service name="AirportManagerService">
<port name="AirportManagerPort" binding="tns:AirportManagerPortBinding">
<soap:address location="http://localhost:8080/airportManager"></soap:address>
</port>
</service>
</definitions>