<?xml version="1.0" encoding="UTF-8"?><!-- Published by JAX-WS RI at http://jax-ws.dev.java.net. RI's version is JAX-WS RI 2.1.1 in JDK 6. --><!-- Generated by JAX-WS RI at http://jax-ws.dev.java.net. RI's version is JAX-WS RI 2.1.1 in JDK 6. --><definitions xmlns:soap="http://schemas.xmlsoap.org/wsdl/soap/" xmlns:tns="urn://com.example.managerNS" xmlns:xsd="http://www.w3.org/2001/XMLSchema" xmlns="http://schemas.xmlsoap.org/wsdl/" targetNamespace="urn://com.example.managerNS" name="NamespacedAirportManagerService">
<types>
<xsd:schema>
<xsd:import namespace="urn://com.example.managerNS" schemaLocation="http://localhost:8080/namespacedManager?xsd=1"></xsd:import>
</xsd:schema>
</types>
<message name="addAirport">
<part name="parameters" element="tns:addAirport"></part>
</message>
<message name="addAirportResponse">
<part name="parameters" element="tns:addAirportResponse"></part>
</message>
<portType name="NamespacedAirportManager">
<operation name="addAirport">
<input message="tns:addAirport"></input>
<output message="tns:addAirportResponse"></output>
</operation>
</portType>
<binding name="NamespacedAirportManagerPortBinding" type="tns:NamespacedAirportManager">
<soap:binding transport="http://schemas.xmlsoap.org/soap/http" style="document"></soap:binding>
<operation name="addAirport">
<soap:operation soapAction=""></soap:operation>
<input>
<soap:body use="literal"></soap:body>
</input>
<output>
<soap:body use="literal"></soap:body>
</output>
</operation>
</binding>
<service name="NamespacedAirportManagerService">
<port name="NamespacedAirportManagerPort" binding="tns:NamespacedAirportManagerPortBinding">
<soap:address location="http://localhost:8080/namespacedManager"></soap:address>
</port>
</service>
</definitions>