<?xml version="1.0" encoding="UTF-8"?><!-- Published by JAX-WS RI at http://jax-ws.dev.java.net. RI's version is JAX-WS RI 2.1.1 in JDK 6. --><!-- Generated by JAX-WS RI at http://jax-ws.dev.java.net. RI's version is JAX-WS RI 2.1.1 in JDK 6. -->
<definitions xmlns:soap="http://schemas.xmlsoap.org/wsdl/soap/" xmlns:tns="http://server.jaxws.example.com/" xmlns:xsd="http://www.w3.org/2001/XMLSchema" xmlns="http://schemas.xmlsoap.org/wsdl/" targetNamespace="http://server.jaxws.example.com/" name="Managers">
<types>
  <xsd:schema>
    <xsd:import namespace="http://server.jaxws.example.com/" schemaLocation="http://localhost:8080/namedManager?xsd=1"/>
  </xsd:schema>
</types>
<message name="add">
  <part name="parameters" element="tns:add"/>
</message>
<message name="addResponse">
  <part name="parameters" element="tns:addResponse"/>
</message>
<portType name="NamedAirportManager">
  <operation name="add">
    <input message="tns:add"/>
    <output message="tns:addResponse"/>
  </operation>
</portType>
<binding name="AirportMgrBinding" type="tns:NamedAirportManager">
<soap:binding transport="http://schemas.xmlsoap.org/soap/http" style="document"></soap:binding>
<operation name="add">
<soap:operation soapAction=""></soap:operation>
<input>
<soap:body use="literal"></soap:body>
</input>
<output>
<soap:body use="literal"></soap:body>
</output>
</operation>
</binding>
<!-- ... -->
<service name="Managers">
  <port name="AirportMgr" binding="tns:AirportMgrBinding">
    <soap:address 
      location="http://localhost:8080/namedManager"/>
  </port>
</service>
</definitions>