<?xml version="1.0" encoding="UTF-8"?>
<!--
        *** GENERATED FROM jax-ws.xml - DO NOT EDIT !                             ***
        *** TO MODIFY wsimport options USE Web Service node -> Edit WS Attributes ***
        *** TO CHANGE TARGETS GENERATED TO jaxws-build.xml COPY THOSE             ***
        *** TARGETS TO ../build.xml AND MODIFY THAT FILE INSTEAD                  ***

        -->
<project xmlns:xalan="http://xml.apache.org/xslt" xmlns:j2seproject3="http://www.netbeans.org/ns/j2se-project/3" xmlns:jaxws="http://www.netbeans.org/ns/jax-ws/1">
    <!--
                ===================
                JAX-WS WSIMPORT SECTION
                ===================
            -->
    <target name="wsimport-init" depends="init">
        <mkdir dir="${build.generated.sources.dir}/jax-ws"/>
        <taskdef name="wsimport" classname="com.sun.tools.ws.ant.WsImport">
            <classpath path="${libs.jaxws21.classpath}"/>
        </taskdef>
    </target>
    <target name="wsimport-client-rpcUserManager" depends="wsimport-init">
        <mkdir dir="${build.generated.dir}/jax-wsCache/rpcUserManager"/>
        <property name="wsdl-rpcUserManager" location="xml-resources/web-service-references/rpcUserManager/wsdl/localhost_8081/rpcUserManager.wsdl"/>
        <wsimport sourcedestdir="${build.generated.dir}/jax-wsCache/rpcUserManager" destdir="${build.generated.dir}/jax-wsCache/rpcUserManager" wsdl="${wsdl-rpcUserManager}" catalog="catalog.xml" extension="true" verbose="true" wsdlLocation="http://localhost:8081/rpcUserManager?wsdl" xendorsed="true">
            <depends file="${wsdl-rpcUserManager}"/>
            <produces dir="${build.generated.dir}/jax-wsCache/rpcUserManager"/>
        </wsimport>
        <copy todir="${build.generated.sources.dir}/jax-ws">
            <fileset dir="${build.generated.dir}/jax-wsCache/rpcUserManager">
                <include name="**/*.java"/>
            </fileset>
        </copy>
    </target>
    <target name="wsimport-client-clean-rpcUserManager" depends="-init-project">
        <delete dir="${build.generated.dir}/jax-wsCache/rpcUserManager"/>
        <delete dir="${build.generated.sources.dir}/jax-ws/labs"/>
    </target>
    <target name="wsimport-client-generate" depends="wsimport-client-rpcUserManager"/>
</project>
