<?xml version="1.0" encoding="UTF-8"?>
<project-private xmlns="http://www.netbeans.org/ns/project-private/1">
    <editor-bookmarks xmlns="http://www.netbeans.org/ns/editor-bookmarks/1"/>
    <open-files xmlns="http://www.netbeans.org/ns/projectui-open-files/1">
        <file>file:/Users/education@oracle.com/projects/JavaEE6%20Web%20Services%20Courses/dws4050/trunk/examples/jaxws/Managers/src/com/example/jaxws/server/PassengerManager.java</file>
        <file>file:/Users/education@oracle.com/projects/JavaEE6%20Web%20Services%20Courses/dws4050/trunk/examples/jaxws/Managers/src/com/example/jaxws/server/OneWayPassengerManager.java</file>
        <file>file:/Users/education@oracle.com/projects/JavaEE6%20Web%20Services%20Courses/dws4050/trunk/examples/jaxws/Managers/src/com/example/jaxws/server/BetterAirportManager.java</file>
    </open-files>
</project-private>
